feature,global_rho,global_p,species_n,mean_rho,median_rho,mean_abs_rho,consistent_species,feature_family
raw_center_lab_l_std,0.2453871146365101,3.266740041039871e-61,8,0.2651979621051577,0.24675336147034138,0.2651979621051577,8,raw_center
raw_center_lab_l_p90_p10,0.23800819482373978,1.3706277093569627e-57,8,0.2559127306705994,0.24219562364556851,0.2559127306705994,8,raw_center
raw_center_gray_std,0.2262964838585962,4.3190453563012065e-52,8,0.2489348580813117,0.2450565585880905,0.2489348580813117,8,raw_center
raw_center_gray_p90_p10,0.219303553339549,5.9310049475209705e-49,8,0.2413125889683837,0.22472908376603667,0.2413125889683837,8,raw_center
raw_center_lab_b_skew,-0.14216800976130867,2.9337478080795457e-21,8,-0.1666828516667741,-0.2162407213806588,0.24117035329317882,6,raw_center
raw_center_hsv_s_skew,-0.06389717656174614,2.2676410985345824e-05,8,-0.048834604938242904,-0.08358152036464253,0.22341800010712454,4,raw_center
raw_center_hsv_v_std,0.20447099418242243,1.186863008013535e-42,8,0.21651373532835405,0.20264971714059316,0.21651373532835405,8,raw_center
raw_center_hsv_v_p90_p10,0.20218021731191924,1.011899805238805e-41,8,0.21386202275660193,0.21277520636932123,0.21386202275660193,8,raw_center
raw_center_lab_l_skew,-0.016451246018074264,0.27581236742495213,8,-0.012283035223207768,0.0386658024190941,0.20165622875110606,4,raw_center
raw_center_lab_b_p50,-0.05380110765652379,0.00036209580421896914,8,-0.07508293550643326,-0.00452043951990555,0.1953838525489611,4,raw_center
raw_center_hsv_s_gloss_p99_p90,0.0023861266816838107,0.8744150534045873,8,0.03794600003239066,0.007015282279946626,0.19193936899977132,4,raw_center
raw_center_gray_skew,-0.010476175436200134,0.4877185106869599,8,-0.0074601625473758384,0.04516751613761009,0.19151878001596115,4,raw_center
raw_center_hsv_s_p50,0.006360410607451513,0.6735313182284528,8,-0.014548313574104924,0.0743913020708277,0.18884980659871994,5,raw_center
raw_center_lab_a_skew,-0.14345421866130956,1.277205720909507e-21,8,-0.11098744572123889,-0.1669733226343751,0.1808935639873701,5,raw_center
raw_center_hsv_s_p90,-0.010458572653021516,0.488450109178336,8,-0.029846614492393085,-0.013113156057874754,0.1781480206200443,4,raw_center
raw_center_hsv_s_mean,-0.018525709358114782,0.2197417652173543,8,-0.037563665000829784,-0.007510831886745513,0.17773326077040086,4,raw_center
raw_center_lab_b_p10,-0.14692411235296957,1.3042203572070554e-22,8,-0.15936021578847243,-0.1398087671685418,0.1760044319468529,7,raw_center
raw_center_lab_a_mean,-0.011865674028345315,0.4318741445477019,8,-0.035152298247563364,-0.034563620395160456,0.1715792046241002,4,raw_center
raw_center_lab_a_p90,0.003936132760642958,0.794305830735372,8,-0.005159213951944179,0.03274118515965181,0.1714611260520975,4,raw_center
raw_center_lab_a_p50,0.0319551576466703,0.034243471886683814,8,0.007072538394362133,0.060325710810007274,0.17023700679898474,5,raw_center
raw_center_lab_b_mean,-0.08823622040152926,4.7405279742388124e-09,8,-0.10643852383058924,-0.06065607482936036,0.16411201504316353,5,raw_center
raw_center_gray_p10,-0.14657962281572517,1.639877012798054e-22,8,-0.1258085727571409,-0.1644326823083132,0.15977478455740746,6,raw_center
raw_center_hsv_v_skew,-0.06655608857425904,1.017362438427234e-05,8,-0.048383545729576365,-0.0003778188441759499,0.15705471460896744,4,raw_center
raw_center_lab_l_p10,-0.14420041420118093,7.856158629963665e-22,8,-0.12289865566320018,-0.16424299614128302,0.15703580808308154,6,raw_center
raw_center_hsv_s_p10,-0.024122636505454376,0.11002679682608542,8,-0.03719084545388024,0.014163724806732962,0.15459056310068992,4,raw_center
raw_center_lab_a_p10,-0.036144432097566195,0.016623771057194158,8,-0.04171425786178869,-0.04429296526877511,0.14869953228566696,5,raw_center
raw_center_gray_p99,0.11641216997208663,1.015888539726987e-14,8,0.1451211178701281,0.12352378256995628,0.1451211178701281,8,raw_center
raw_center_lab_l_p99,0.1144598621935638,2.8134377090244454e-14,8,0.14388770001460055,0.12481025428897105,0.14388770001460055,8,raw_center
raw_center_hsv_s_p99,-0.08139424276710895,6.65033717441738e-08,8,-0.08237435690459904,-0.0538288415199671,0.14354386035771127,6,raw_center
raw_center_hsv_s_p90_p10,0.00843589615572435,0.5763060204798458,8,0.0002809153210309584,0.011188218924201705,0.1431350959682422,4,raw_center
raw_center_hsv_v_p10,-0.13337097725277197,7.061291296106022e-19,8,-0.11366998642973196,-0.1489628597332588,0.1411046073360307,6,raw_center
raw_center_lab_a_p90_p10,0.031307752093996964,0.038053518452056206,8,0.036406054181684765,0.0758794379534388,0.1403843277869607,6,raw_center
raw_center_lab_b_p90,-0.06193667074219174,4.016702691562912e-05,8,-0.06624881776578485,-0.08850925986377353,0.1343495045982422,5,raw_center
raw_center_lab_a_p99,-0.04662001610776892,0.0020035459564648433,8,-0.0492716408161315,-0.048972292596837316,0.1301456265319494,5,raw_center
raw_center_hsv_v_p50,0.014047409379552058,0.352101336988057,8,0.013493552411953522,0.030820721900344877,0.12695321374956736,5,raw_center
raw_center_hsv_s_std,-0.051574594458862706,0.0006297108998563941,8,-0.05235767587647242,-0.04740421135109114,0.1267651349905512,5,raw_center
raw_center_lab_b_p99,-0.12718731695469487,2.6960399773289647e-17,8,-0.10480052353661258,-0.1443976338607953,0.12675012499009672,6,raw_center
raw_center_lab_l_gloss_p99_p90,0.05099363079539531,0.0007250544974836666,8,0.050808602073572524,0.050921414872410434,0.12535354957743444,5,raw_center
raw_center_lab_b_p90_p10,0.05947642864657736,8.04341653831886e-05,8,0.07651088448540169,0.08316837609743816,0.12430155271159665,5,raw_center
raw_center_gray_gloss_p99_p90,0.05846306059951648,0.00010627343694769465,8,0.05979564437930564,0.05930353653279032,0.12309003530800225,5,raw_center
raw_center_gray_p50,-0.0002570067377579377,0.9864177360053936,8,0.013866773809717837,0.03344341221443305,0.121390278627195,3,raw_center
raw_center_gray_p90,0.09381481305461792,4.72837890399279e-10,8,0.12131027452135548,0.07580009811669669,0.12131027452135548,8,raw_center
raw_center_lab_l_p50,-0.002044555037562497,0.892273644790816,8,0.012524039096318617,0.02993600932511287,0.12055618574190405,3,raw_center
raw_center_lab_l_p90,0.09228524937121357,9.018087032505119e-10,8,0.11992812450405499,0.07440947820160089,0.11992812450405499,8,raw_center
raw_center_lab_b_gloss_p99_p90,-0.03982847573087959,0.00830985151845578,8,0.0006739604845701422,-0.001996714052037385,0.1169198304558351,4,raw_center
raw_center_hsv_v_gloss_p99_p90,0.018046221685210424,0.23191254800358535,8,0.026057306217205936,-0.009909801803680264,0.11639485320334178,4,raw_center
raw_center_hsv_v_p90,0.08090452945861906,7.971537392603873e-08,8,0.09669176093450968,0.08117243588962941,0.1119046562384208,7,raw_center
raw_center_hsv_v_p99,0.08840963459955738,4.421809437210094e-09,8,0.11010737032362712,0.06675038888959171,0.11010737032362712,8,raw_center
raw_center_lab_a_gloss_p99_p90,-0.02444043906413145,0.10541871595843812,8,-0.03110836644121073,-0.055279859904961426,0.0964242723465787,5,raw_center
raw_center_hsv_v_mean,0.011878825633322852,0.43136390309731265,8,0.021701359157781354,0.015707089966521426,0.096316020127312,5,raw_center
raw_center_lab_a_std,-0.001099557229031889,0.9419392324655216,8,0.0067364575750122405,0.02785537337269279,0.09582701214271455,2,raw_center
raw_center_gray_mean,0.009832031993998326,0.5148709792349948,8,0.03093362553556599,0.01259269738353377,0.09476664406553986,4,raw_center
raw_center_lab_l_mean,0.003735708998017572,0.8045618953769169,8,0.025317441598838752,0.0061070440868846755,0.09381018852917195,4,raw_center
raw_center_lab_b_std,0.011690292960479564,0.4387117235001199,8,0.033322550956070555,0.014604157273398914,0.08878096610091649,5,raw_center
clahe_center_lab_l_std,0.2245027224342999,2.82193845478944e-51,8,0.2583290079326263,0.23927997728478545,0.2583290079326263,8,clahe_center
clahe_center_lab_l_p90_p10,0.22671984318973973,2.7666602406908664e-52,8,0.2578398360427107,0.2372870437343215,0.2578398360427107,8,clahe_center
clahe_center_gray_std,0.2126510828068648,4.554463423710793e-46,8,0.24551626850252709,0.25121133994702244,0.24551626850252709,8,clahe_center
clahe_center_gray_p90_p10,0.2129169283936451,3.5074174869821524e-46,8,0.24326390024550712,0.24819239716548847,0.24326390024550712,8,clahe_center
clahe_center_lab_b_skew,-0.14101914375699526,6.126530333034356e-21,8,-0.16532238860252574,-0.2156443988295454,0.24039127771221938,6,clahe_center
clahe_center_hsv_s_skew,0.031105421939827422,0.039315824348129434,8,0.06364339286512419,0.07912396558689114,0.22392886306775892,5,clahe_center
clahe_center_hsv_v_p90_p10,0.19254605555716495,6.260122834742441e-38,8,0.20906817758427224,0.21439227396565486,0.20906817758427224,8,clahe_center
clahe_center_hsv_v_std,0.18681274451906538,9.106003127839426e-36,8,0.2088703381795452,0.21243337124645062,0.2088703381795452,8,clahe_center
clahe_center_lab_l_skew,-0.0013909037543227204,0.9265939468661393,8,0.003536509573844701,0.010650991422830602,0.20164878542487183,4,clahe_center
clahe_center_lab_b_p50,-0.05324934761693397,0.00041611684648937264,8,-0.07441716640324143,-0.004419882816240284,0.1956450103141144,4,clahe_center
clahe_center_hsv_s_p50,-0.004755038508631262,0.7527867066505654,8,-0.017293675790499854,0.09251538186067844,0.1922876348305587,3,clahe_center
clahe_center_gray_skew,-0.0016341850320729103,0.9138009069952401,8,0.003778883240343655,0.011908852557582408,0.18852253457251664,4,clahe_center
clahe_center_gray_p10,-0.16321127532816374,1.3758564752743583e-27,8,-0.1605347899094903,-0.17584427972421882,0.1873212557646442,6,clahe_center
clahe_center_lab_l_p10,-0.1624757661697229,2.3712059606765293e-27,8,-0.15760570915783612,-0.17760107236278128,0.182946297869772,6,clahe_center
clahe_center_lab_a_skew,-0.14170320078402146,3.95478570623575e-21,8,-0.11133900086036774,-0.16644469747467444,0.179338035635154,5,clahe_center
clahe_center_lab_b_p10,-0.1460500296765822,2.3294220596018257e-22,8,-0.15885340585119406,-0.139455397122288,0.17557882209611925,7,clahe_center
clahe_center_hsv_v_skew,-0.037373426689917125,0.013270963770135277,8,-0.014368034222414755,0.009463610049025933,0.17542754201804564,4,clahe_center
clahe_center_lab_a_mean,-0.012050598325684957,0.42473180692014445,8,-0.035400815746545425,-0.03533832246836516,0.17149390906446582,4,clahe_center
clahe_center_gray_p99,0.14294726215580805,1.774223735162603e-21,8,0.17091211450805904,0.12506085935604194,0.17091211450805904,8,clahe_center
clahe_center_lab_a_p50,0.031104192222051488,0.03932360372640643,8,0.005563496560125766,0.05859338435805408,0.1701376442040336,5,clahe_center
clahe_center_hsv_s_mean,-0.020853970788504976,0.1671314700916422,8,-0.03441615110520907,0.0025874281834092176,0.16912554413018563,4,clahe_center
clahe_center_lab_a_p90,0.004234342535311719,0.7791119422223421,8,-0.005557874494255686,0.03266041657899553,0.16912006627688508,4,clahe_center
clahe_center_lab_l_p99,0.1400476605398488,1.136496905150904e-20,8,0.16870560436969462,0.12377849948340236,0.16870560436969462,8,clahe_center
clahe_center_hsv_v_p10,-0.1329620411227563,9.033085504073967e-19,8,-0.13114574057017225,-0.1243495338988378,0.16462847642390827,7,clahe_center
clahe_center_lab_b_mean,-0.08816101235132415,4.885600417046609e-09,8,-0.10635243564628571,-0.06057583979170441,0.16394388105965302,5,clahe_center
clahe_center_hsv_s_p90,-0.014127691652204614,0.3493557482422376,8,-0.03083539714522663,-0.017168022707060082,0.1600229330287738,4,clahe_center
clahe_center_hsv_s_gloss_p99_p90,0.04440172865551589,0.0032552956338682353,8,0.07131445331745523,0.07953768505482303,0.15205003100877296,5,clahe_center
clahe_center_lab_a_p10,-0.03798590341215636,0.011834992912677917,8,-0.04327914176196175,-0.048381759497444915,0.15080409874014067,5,clahe_center
clahe_center_hsv_s_p10,-0.03599985308562346,0.017063395886513358,8,-0.04371018599463676,0.01724762156916522,0.1498037343445751,4,clahe_center
clahe_center_gray_p90,0.12255795288419358,3.6769234233347367e-16,8,0.14721994888032927,0.1646273057028908,0.14743178904958165,7,clahe_center
clahe_center_hsv_v_p50,0.010913357909695089,0.4697396136418932,8,-0.009245148305850073,0.020002258337568087,0.1461740483379512,5,clahe_center
clahe_center_lab_l_p90,0.12047643914952615,1.153342590496092e-15,8,0.14605151916305772,0.1606374369862073,0.14605151916305772,8,clahe_center
clahe_center_hsv_v_p90,0.10953735290782603,3.401520455169934e-13,8,0.11651825359015056,0.14946909984082823,0.14464528857219955,7,clahe_center
clahe_center_gray_p50,-0.0016309330158629704,0.9139717758549644,8,0.0002488975322659098,0.051883185838076246,0.1444548463144879,3,clahe_center
clahe_center_lab_l_p50,-0.004702882254271251,0.7554112625716598,8,-0.0015223814081048587,0.0515485788128138,0.14210015235260326,3,clahe_center
clahe_center_lab_a_p90_p10,0.03303928972505469,0.02859241423483167,8,0.037631463740426106,0.0729297527327511,0.13906052859138035,5,clahe_center
clahe_center_gray_gloss_p99_p90,0.018962251259245694,0.20906577804212859,8,0.010057121652489953,0.020648082981730518,0.1390229191901078,4,clahe_center
clahe_center_lab_l_gloss_p99_p90,0.007923228798433104,0.5997022754299369,8,-0.0034272282809748797,0.007979173642806398,0.13748336321337845,4,clahe_center
clahe_center_lab_b_p90,-0.0621692160861995,3.7565457629484414e-05,8,-0.06660618989897601,-0.089065450474002,0.13481950665925352,5,clahe_center
clahe_center_hsv_s_p99,-0.03092691030140545,0.040458870043374014,8,-0.038889958963496174,0.007148325124898349,0.13355735588727038,4,clahe_center
clahe_center_hsv_v_p99,0.10987442785823706,2.877769964196138e-13,8,0.12647367788202496,0.11316661545502665,0.1334283063364975,7,clahe_center
clahe_center_hsv_s_std,-0.014321800987205539,0.34277368921514806,8,-0.012101089947218993,0.03557126999353153,0.1314477509955278,3,clahe_center
clahe_center_hsv_s_p90_p10,0.00647725726932979,0.6678894533756948,8,0.003945124328879276,0.02509673178938688,0.13137344091852315,5,clahe_center
clahe_center_lab_a_p99,-0.04636951477670116,0.0021185709759822245,8,-0.04833096256764792,-0.04812390304587173,0.1293477493451513,5,clahe_center
clahe_center_lab_b_p99,-0.1264388186291367,4.1406119008673746e-17,8,-0.10423375792744381,-0.1432920311481067,0.12653919621561222,6,clahe_center
clahe_center_lab_b_p90_p10,0.05892933580366869,9.353859217058476e-05,8,0.07634500327559476,0.08131709481485552,0.12479789624938958,5,clahe_center
clahe_center_hsv_v_mean,0.022247026093558154,0.14053935409026747,8,0.01096631007733221,0.026400773617500317,0.1229279484353909,5,clahe_center
clahe_center_gray_mean,0.018635071671151054,0.21703120274653534,8,0.028458197662498234,0.053057283989591066,0.12164460704014668,5,clahe_center
clahe_center_lab_l_mean,0.009766504789128615,0.5176764780759687,8,0.019868841159909004,0.044558180885548804,0.11903363115449916,5,clahe_center
clahe_center_lab_b_gloss_p99_p90,-0.037992117638921644,0.011821158476673933,8,0.0030557486259543687,-4.010600221978147e-05,0.11818206693443777,4,clahe_center
clahe_center_hsv_v_gloss_p99_p90,-0.017760795741973586,0.23938073409152658,8,-0.016066005210976734,-0.06324970337688171,0.11750235315749066,5,clahe_center
clahe_center_lab_a_gloss_p99_p90,-0.024364694457449976,0.10650286087223267,8,-0.028974947588404153,-0.04907313981631334,0.09731731037887299,5,clahe_center
clahe_center_lab_a_std,-0.0001703391308629788,0.9909976925055286,8,0.0077249469649070986,0.028970199980049842,0.09689665437924344,2,clahe_center
clahe_center_lab_b_std,0.012286795936482726,0.4157102340470219,8,0.03417506870131181,0.015032821560032432,0.08981721424374574,5,clahe_center
raw_full_hsv_s_std,-0.18239167711021603,3.7999451581893136e-34,8,-0.1827698671377001,-0.18311860125873064,0.21981963780760874,7,raw_full
raw_full_lab_l_std,0.21356534231769023,1.851958361243049e-46,8,0.21190140257877263,0.26166589947703656,0.21190140257877263,8,raw_full
raw_full_lab_b_skew,-0.16929858470511522,1.3786050190464923e-29,8,-0.17169447109328534,-0.2340013102638277,0.20994223532954925,6,raw_full
raw_full_hsv_s_p99,-0.16244926089548167,2.418062453123769e-27,8,-0.1548401528625727,-0.1691138838367206,0.207653723772855,7,raw_full
raw_full_lab_b_mean,-0.13725277814450804,6.562607101465751e-20,8,-0.15190871005136483,-0.09956938410057578,0.20488745673023795,6,raw_full
raw_full_gray_std,0.20279840027638843,5.689605321604081e-42,8,0.20314954184842976,0.25372275727613325,0.20314954184842976,8,raw_full
raw_full_hsv_s_p90_p10,-0.1694509201160506,1.2258376499019717e-29,8,-0.17652880400705023,-0.16797006636199383,0.20227028480986142,7,raw_full
raw_full_lab_b_p90,-0.17766121343437405,1.8548150490658952e-32,8,-0.16162380591641998,-0.13456710850898315,0.20002242775256357,6,raw_full
raw_full_lab_b_p99,-0.20707889190539577,1.0024623654401472e-43,8,-0.1717782153626225,-0.20933917454676676,0.19808164649820276,6,raw_full
raw_full_hsv_s_p90,-0.16138263015974036,5.299829314526353e-27,8,-0.16407624019192843,-0.15458055218468011,0.1964917312692656,7,raw_full
raw_full_lab_a_p90,-0.11695922950123863,7.612834576130664e-15,8,-0.12132447990069846,-0.14940821875482269,0.19191699824137914,6,raw_full
raw_full_lab_b_p50,-0.040466671230773466,0.0073284575667929095,8,-0.054883755540652515,0.03885747361442508,0.18832028999804254,3,raw_full
raw_full_lab_l_p90_p10,0.18571487692401675,2.3203871543757433e-35,8,0.18472686881064398,0.20477326855974176,0.18472686881064398,8,raw_full
raw_full_hsv_s_skew,-0.0975109850460761,9.519810925854714e-11,8,-0.06365948947552008,-0.11718160609647811,0.1844543327057469,5,raw_full
raw_full_lab_a_mean,-0.10492322066865208,3.1881855888865315e-12,8,-0.10866061043828483,-0.14908989295301955,0.1804886130528084,6,raw_full
raw_full_gray_p90_p10,0.17882226061675663,7.214304976100718e-33,8,0.17876782998594662,0.2004407314739829,0.17876782998594662,8,raw_full
raw_full_lab_l_skew,0.007134110794205338,0.6365294674527892,8,0.005084912082649957,0.04338937226982149,0.16713439334327873,5,raw_full
raw_full_gray_skew,0.009212214836636841,0.5417203631879444,8,0.003152821583807641,0.02070162447631718,0.16205231402805256,5,raw_full
raw_full_hsv_s_mean,-0.11553119916904789,1.6121126498183276e-14,8,-0.11626012634522367,-0.09722475435170991,0.1551429097726893,6,raw_full
raw_full_hsv_s_p50,-0.029634079097289007,0.0496067483135308,8,-0.03857792857422049,-0.0107736397979348,0.15222757742626317,4,raw_full
raw_full_lab_l_gloss_p99_p90,0.04005248742849596,0.007952735642378181,8,0.03783305826379155,0.03959887264070526,0.15210481606057363,4,raw_full
raw_full_gray_gloss_p99_p90,0.043151018894863453,0.004242050841573268,8,0.04248794377536262,0.04949141978595141,0.15065678663503848,4,raw_full
raw_full_lab_b_p10,-0.06655102199955246,1.0189466771875726e-05,8,-0.0913894174767445,-0.017196253202188906,0.14992667872281606,5,raw_full
raw_full_lab_a_p50,-0.024622978336846364,0.10284196036479294,8,-0.03716878640700524,-0.03311634184199815,0.14943343109309049,4,raw_full
raw_full_hsv_s_p10,-0.049278093550829245,0.001090486817814263,8,-0.051503582721869653,-0.060984666237970636,0.14351438511921943,5,raw_full
raw_full_lab_a_p10,-0.013702697769637777,0.36404480959836094,8,-0.009211467974423918,0.011762604263729779,0.1406883223614554,4,raw_full
raw_full_hsv_v_skew,-0.029471032523275237,0.0508750253080366,8,-0.03619626314384976,-0.0063941138932718175,0.13994873162863342,4,raw_full
raw_full_lab_a_p90_p10,-0.07636346974424552,4.0716545108584105e-07,8,-0.08282895390189612,-0.07973148944621461,0.1397779050344241,6,raw_full
raw_full_lab_a_p99,-0.08058817280981555,8.956551353517371e-08,8,-0.06045240938304254,-0.0528377708947608,0.13840726686097732,5,raw_full
raw_full_hsv_s_gloss_p99_p90,0.10372874104985347,5.602956531970422e-12,8,0.1277396557184328,0.13191056750119212,0.1277396557184328,8,raw_full
raw_full_hsv_v_gloss_p99_p90,0.044755618899295496,0.003016827192983961,8,0.04744101749177673,0.05563850454478094,0.12701809584264065,5,raw_full
raw_full_lab_a_skew,-0.12741175927583048,2.3693861597760163e-17,8,-0.0921310839117353,-0.0737076572437064,0.12689746911292196,6,raw_full
raw_full_hsv_v_std,0.11822725462404891,3.880278712634655e-15,8,0.11932024230288625,0.10066475988108448,0.1264578355046942,7,raw_full
raw_full_lab_b_std,-0.12402678718648749,1.6218706040788326e-16,8,-0.08568453299769513,-0.0951145635650498,0.12488003577968554,6,raw_full
raw_full_gray_p99,0.10802027776623363,7.174127698340278e-13,8,0.11926750565609337,0.12612461505040207,0.12421356142245882,7,raw_full
raw_full_gray_p50,0.0020366528856800956,0.8926874806307625,8,0.00304100159019801,0.05045871803035082,0.12381373624384115,5,raw_full
raw_full_gray_p90,0.08606373696636876,1.1211205241121914e-08,8,0.08812653901449782,0.08309380917842386,0.12380306596991336,7,raw_full
raw_full_lab_l_p99,0.10568858722295287,2.2140596519826144e-12,8,0.11750332641752653,0.12851612838899662,0.12377753586788431,7,raw_full
raw_full_lab_l_p50,-0.0004207935607712751,0.9777637523356418,8,0.0010992630749848478,0.04612227206724768,0.12148094428485613,3,raw_full
raw_full_lab_a_std,-0.06198168386244204,3.9650469975697934e-05,8,-0.05300050590800822,-0.050254801133893065,0.12043184438291489,6,raw_full
raw_full_lab_l_p90,0.08289877538826353,3.7863925382033935e-08,8,0.08502295400262988,0.07631700278693945,0.11960432681811553,7,raw_full
raw_full_hsv_v_p90_p10,0.09573079490783931,2.0756473037255675e-10,8,0.09838651758970818,0.07289483604340026,0.11433842312819684,7,raw_full
raw_full_lab_a_gloss_p99_p90,0.06996094911747909,3.4879137278654593e-06,8,0.09270467554566475,0.10945247548838319,0.11266821924842112,6,raw_full
raw_full_lab_b_p90_p10,-0.11919384899115178,2.3101468710760367e-15,8,-0.08244387860331605,-0.06776657188221859,0.11208933356178595,7,raw_full
raw_full_lab_b_gloss_p99_p90,-0.0585113934377023,0.00010488106893887719,8,-0.010127028536366198,0.004249190223964203,0.11160954415541843,4,raw_full
raw_full_hsv_v_p50,-0.009874235161127808,0.5130682715383982,8,-0.013121895875461363,0.033150173707341316,0.1026435331253602,3,raw_full
raw_full_gray_mean,0.014814041594300139,0.3264401924354068,8,0.019709747029938537,0.02396785890084298,0.09953306923497392,4,raw_full
raw_full_gray_p10,-0.08913534507783634,3.2997810063679005e-09,8,-0.07700772855064181,-0.07318672590187573,0.09841988697109028,6,raw_full
raw_full_hsv_v_p10,-0.0781864133505466,2.1385891078134859e-07,8,-0.07708468927118604,-0.07064571317498652,0.09804976633336698,6,raw_full
raw_full_lab_l_mean,0.008651524462573102,0.5665958163525586,8,0.01347238878058164,0.01843098651958307,0.09777060910789984,4,raw_full
raw_full_lab_l_p10,-0.08701694175974273,7.704351406210074e-09,8,-0.07382839325595694,-0.07129850729721432,0.09516889814415407,6,raw_full
raw_full_hsv_v_p90,0.022951090904582458,0.1284005879668107,8,0.024313156537514737,0.0018541727731715852,0.09336817222989886,4,raw_full
raw_full_hsv_v_mean,-0.010467708057621582,0.4880703540364709,8,-0.012508929152206413,0.015244612440983192,0.09167577606970045,3,raw_full
raw_full_hsv_v_p99,0.047788238919743535,0.0015390556241914452,8,0.05449037802427977,0.010801059785050178,0.08515135569540935,4,raw_full
